FrameworkWithVersion,ControlNumber
RMF Revision 5,AC-1
RMF Revision 5,AC-2
RMF Revision 5,AC-2(1)
RMF Revision 5,AC-2(2)
RMF Revision 5,AC-2(3)
RMF Revision 5,AC-2(4)
RMF Revision 5,AC-2(5)
RMF Revision 5,AC-2(11)
RMF Revision 5,AC-2(12)
RMF Revision 5,AC-2(13)
RMF Revision 5,AC-3
RMF Revision 5,AC-4
RMF Revision 5,AC-4(4)
RMF Revision 5,AC-5
RMF Revision 5,AC-6
RMF Revision 5,AC-6(1)
RMF Revision 5,AC-6(2)
RMF Revision 5,AC-6(3)
RMF Revision 5,AC-6(5)
RMF Revision 5,AC-6(7)
RMF Revision 5,AC-6(9)
RMF Revision 5,AC-6(10)
RMF Revision 5,AC-7
RMF Revision 5,AC-8
RMF Revision 5,AC-10
RMF Revision 5,AC-11
RMF Revision 5,AC-11(1)
RMF Revision 5,AC-12
RMF Revision 5,AC-14
RMF Revision 5,AC-17
RMF Revision 5,AC-17(1)
RMF Revision 5,AC-17(2)
RMF Revision 5,AC-17(3)
RMF Revision 5,AC-17(4)
RMF Revision 5,AC-18
RMF Revision 5,AC-18(1)
RMF Revision 5,AC-18(3)
RMF Revision 5,AC-18(4)
RMF Revision 5,AC-18(5)
RMF Revision 5,AC-19
RMF Revision 5,AC-19(5)
RMF Revision 5,AC-20
RMF Revision 5,AC-20(1)
RMF Revision 5,AC-20(2)
RMF Revision 5,AC-21
RMF Revision 5,AC-22
RMF Revision 5,AT-1
RMF Revision 5,AT-2
RMF Revision 5,AT-2(2)
RMF Revision 5,AT-2(3)
RMF Revision 5,AT-3
RMF Revision 5,AT-4
RMF Revision 5,AU-1
RMF Revision 5,AU-2
RMF Revision 5,AU-3
RMF Revision 5,AU-3(1)
RMF Revision 5,AU-4
RMF Revision 5,AU-5
RMF Revision 5,AU-5(1)
RMF Revision 5,AU-5(2)
RMF Revision 5,AU-6
RMF Revision 5,AU-6(1)
RMF Revision 5,AU-6(3)
RMF Revision 5,AU-6(5)
RMF Revision 5,AU-6(6)
RMF Revision 5,AU-7
RMF Revision 5,AU-7(1)
RMF Revision 5,AU-8
RMF Revision 5,AU-9
RMF Revision 5,AU-9(2)
RMF Revision 5,AU-9(3)
RMF Revision 5,AU-9(4)
RMF Revision 5,AU-10
RMF Revision 5,AU-11
RMF Revision 5,AU-12
RMF Revision 5,AU-12(1)
RMF Revision 5,AU-12(3)
RMF Revision 5,CA-1
RMF Revision 5,CA-2
RMF Revision 5,CA-2(1)
RMF Revision 5,CA-2(2)
RMF Revision 5,CA-3
RMF Revision 5,CA-3(6)
RMF Revision 5,CA-5
RMF Revision 5,CA-6
RMF Revision 5,CA-7
RMF Revision 5,CA-7(1)
RMF Revision 5,CA-7(4)
RMF Revision 5,CA-8
RMF Revision 5,CA-8(1)
RMF Revision 5,CA-9
RMF Revision 5,CM-1
RMF Revision 5,CM-2
RMF Revision 5,CM-2(2)
RMF Revision 5,CM-2(3)
RMF Revision 5,CM-2(7)
RMF Revision 5,CM-3
RMF Revision 5,CM-3(1)
RMF Revision 5,CM-3(2)
RMF Revision 5,CM-3(4)
RMF Revision 5,CM-3(6)
RMF Revision 5,CM-4
RMF Revision 5,CM-4(1)
RMF Revision 5,CM-4(2)
RMF Revision 5,CM-5
RMF Revision 5,CM-5(1)
RMF Revision 5,CM-6
RMF Revision 5,CM-6(1)
RMF Revision 5,CM-6(2)
RMF Revision 5,CM-7
RMF Revision 5,CM-7(1)
RMF Revision 5,CM-7(2)
RMF Revision 5,CM-7(5)
RMF Revision 5,CM-8
RMF Revision 5,CM-8(1)
RMF Revision 5,CM-8(2)
RMF Revision 5,CM-8(3)
RMF Revision 5,CM-8(4)
RMF Revision 5,CM-9
RMF Revision 5,CM-10
RMF Revision 5,CM-11
RMF Revision 5,CM-12
RMF Revision 5,CM-12(1)
RMF Revision 5,CP-1
RMF Revision 5,CP-2
RMF Revision 5,CP-2(1)
RMF Revision 5,CP-2(2)
RMF Revision 5,CP-2(3)
RMF Revision 5,CP-2(5)
RMF Revision 5,CP-2(8)
RMF Revision 5,CP-3
RMF Revision 5,CP-3(1)
RMF Revision 5,CP-4
RMF Revision 5,CP-4(1)
RMF Revision 5,CP-4(2)
RMF Revision 5,CP-6
RMF Revision 5,CP-6(1)
RMF Revision 5,CP-6(2)
RMF Revision 5,CP-6(3)
RMF Revision 5,CP-7
RMF Revision 5,CP-7(1)
RMF Revision 5,CP-7(2)
RMF Revision 5,CP-7(3)
RMF Revision 5,CP-7(4)
RMF Revision 5,CP-8
RMF Revision 5,CP-8(1)
RMF Revision 5,CP-8(2)
RMF Revision 5,CP-8(3)
RMF Revision 5,CP-8(4)
RMF Revision 5,CP-9
RMF Revision 5,CP-9(1)
RMF Revision 5,CP-9(2)
RMF Revision 5,CP-9(3)
RMF Revision 5,CP-9(5)
RMF Revision 5,CP-9(8)
RMF Revision 5,CP-10
RMF Revision 5,CP-10(2)
RMF Revision 5,CP-10(4)
RMF Revision 5,IA-1
RMF Revision 5,IA-2
RMF Revision 5,IA-2(1)
RMF Revision 5,IA-2(2)
RMF Revision 5,IA-2(5)
RMF Revision 5,IA-2(8)
RMF Revision 5,IA-2(12)
RMF Revision 5,IA-3
RMF Revision 5,IA-4
RMF Revision 5,IA-4(4)
RMF Revision 5,IA-5
RMF Revision 5,IA-5(1)
RMF Revision 5,IA-5(2)
RMF Revision 5,IA-5(6)
RMF Revision 5,IA-6
RMF Revision 5,IA-7
RMF Revision 5,IA-8
RMF Revision 5,IA-8(1)
RMF Revision 5,IA-8(2)
RMF Revision 5,IA-8(4)
RMF Revision 5,IA-11
RMF Revision 5,IA-12
RMF Revision 5,IA-12(2)
RMF Revision 5,IA-12(3)
RMF Revision 5,IA-12(4)
RMF Revision 5,IA-12(5)
RMF Revision 5,IR-1
RMF Revision 5,IR-2
RMF Revision 5,IR-2(1)
RMF Revision 5,IR-2(2)
RMF Revision 5,IR-2(3)
RMF Revision 5,IR-3
RMF Revision 5,IR-3(2)
RMF Revision 5,IR-4
RMF Revision 5,IR-4(1)
RMF Revision 5,IR-4(4)
RMF Revision 5,IR-4(11)
RMF Revision 5,IR-5
RMF Revision 5,IR-5(1)
RMF Revision 5,IR-6
RMF Revision 5,IR-6(1)
RMF Revision 5,IR-6(3)
RMF Revision 5,IR-7
RMF Revision 5,IR-7(1)
RMF Revision 5,IR-8
RMF Revision 5,MA-1
RMF Revision 5,MA-2
RMF Revision 5,MA-2(2)
RMF Revision 5,MA-3
RMF Revision 5,MA-3(1)
RMF Revision 5,MA-3(2)
RMF Revision 5,MA-3(3)
RMF Revision 5,MA-4
RMF Revision 5,MA-4(3)
RMF Revision 5,MA-5
RMF Revision 5,MA-5(1)
RMF Revision 5,MA-6
RMF Revision 5,MP-1
RMF Revision 5,MP-2
RMF Revision 5,MP-3
RMF Revision 5,MP-4
RMF Revision 5,MP-5
RMF Revision 5,MP-6
RMF Revision 5,MP-6(1)
RMF Revision 5,MP-6(2)
RMF Revision 5,MP-6(3)
RMF Revision 5,MP-7
RMF Revision 5,PE-1
RMF Revision 5,PE-2
RMF Revision 5,PE-3
RMF Revision 5,PE-3(1)
RMF Revision 5,PE-4
RMF Revision 5,PE-5
RMF Revision 5,PE-6
RMF Revision 5,PE-6(1)
RMF Revision 5,PE-6(4)
RMF Revision 5,PE-8
RMF Revision 5,PE-8(1)
RMF Revision 5,PE-9
RMF Revision 5,PE-10
RMF Revision 5,PE-11
RMF Revision 5,PE-11(1)
RMF Revision 5,PE-12
RMF Revision 5,PE-13
RMF Revision 5,PE-13(1)
RMF Revision 5,PE-13(2)
RMF Revision 5,PE-13(4)
RMF Revision 5,PE-14
RMF Revision 5,PE-15
RMF Revision 5,PE-15(1)
RMF Revision 5,PE-16
RMF Revision 5,PE-17
RMF Revision 5,PE-18
RMF Revision 5,PL-1
RMF Revision 5,PL-2
RMF Revision 5,PL-4
RMF Revision 5,PL-4(1)
RMF Revision 5,PL-8
RMF Revision 5,PL-10
RMF Revision 5,PL-11
RMF Revision 5,PM-1
RMF Revision 5,PM-2
RMF Revision 5,PM-3
RMF Revision 5,PM-4
RMF Revision 5,PM-5
RMF Revision 5,PM-6
RMF Revision 5,PM-7
RMF Revision 5,PM-8
RMF Revision 5,PM-9
RMF Revision 5,PM-10
RMF Revision 5,PM-11
RMF Revision 5,PM-12
RMF Revision 5,PM-13
RMF Revision 5,PM-14
RMF Revision 5,PM-15
RMF Revision 5,PM-16
RMF Revision 5,PS-1
RMF Revision 5,PS-2
RMF Revision 5,PS-3
RMF Revision 5,PS-4
RMF Revision 5,PS-4(2)
RMF Revision 5,PS-5
RMF Revision 5,PS-6
RMF Revision 5,PS-7
RMF Revision 5,PS-8
RMF Revision 5,PS-9
RMF Revision 5,RA-1
RMF Revision 5,RA-2
RMF Revision 5,RA-3
RMF Revision 5,RA-3(1)
RMF Revision 5,RA-5
RMF Revision 5,RA-5(2)
RMF Revision 5,RA-5(4)
RMF Revision 5,RA-5(5)
RMF Revision 5,RA-5(11)
RMF Revision 5,RA-7
RMF Revision 5,RA-9
RMF Revision 5,SA-1
RMF Revision 5,SA-2
RMF Revision 5,SA-3
RMF Revision 5,SA-4
RMF Revision 5,SA-4(1)
RMF Revision 5,SA-4(2)
RMF Revision 5,SA-4(5)
RMF Revision 5,SA-4(9)
RMF Revision 5,SA-4(10)
RMF Revision 5,SA-5
RMF Revision 5,SA-8
RMF Revision 5,SA-9
RMF Revision 5,SA-9(2)
RMF Revision 5,SA-10
RMF Revision 5,SA-11
RMF Revision 5,SA-15
RMF Revision 5,SA-15(3)
RMF Revision 5,SA-16
RMF Revision 5,SA-17
RMF Revision 5,SA-21
RMF Revision 5,SA-22
RMF Revision 5,SC-1
RMF Revision 5,SC-2
RMF Revision 5,SC-3
RMF Revision 5,SC-4
RMF Revision 5,SC-5
RMF Revision 5,SC-7
RMF Revision 5,SC-7(3)
RMF Revision 5,SC-7(4)
RMF Revision 5,SC-7(5)
RMF Revision 5,SC-7(7)
RMF Revision 5,SC-7(8)
RMF Revision 5,SC-7(18)
RMF Revision 5,SC-7(21)
RMF Revision 5,SC-8
RMF Revision 5,SC-8(1)
RMF Revision 5,SC-10
RMF Revision 5,SC-12
RMF Revision 5,SC-12(1)
RMF Revision 5,SC-13
RMF Revision 5,SC-15
RMF Revision 5,SC-17
RMF Revision 5,SC-18
RMF Revision 5,SC-20
RMF Revision 5,SC-21
RMF Revision 5,SC-22
RMF Revision 5,SC-23
RMF Revision 5,SC-24
RMF Revision 5,SC-28
RMF Revision 5,SC-28(1)
RMF Revision 5,SC-39
RMF Revision 5,SI-1
RMF Revision 5,SI-2
RMF Revision 5,SI-2(2)
RMF Revision 5,SI-3
RMF Revision 5,SI-4
RMF Revision 5,SI-4(2)
RMF Revision 5,SI-4(4)
RMF Revision 5,SI-4(5)
RMF Revision 5,SI-4(10)
RMF Revision 5,SI-4(12)
RMF Revision 5,SI-4(14)
RMF Revision 5,SI-4(20)
RMF Revision 5,SI-4(22)
RMF Revision 5,SI-5
RMF Revision 5,SI-5(1)
RMF Revision 5,SI-6
RMF Revision 5,SI-7
RMF Revision 5,SI-7(1)
RMF Revision 5,SI-7(2)
RMF Revision 5,SI-7(5)
RMF Revision 5,SI-7(7)
RMF Revision 5,SI-7(15)
RMF Revision 5,SI-8
RMF Revision 5,SI-8(2)
RMF Revision 5,SI-10
RMF Revision 5,SI-11
RMF Revision 5,SI-12
RMF Revision 5,SI-16
RMF Revision 5,SR-1
RMF Revision 5,SR-2
RMF Revision 5,SR-2(1)
RMF Revision 5,SR-3
RMF Revision 5,SR-5
RMF Revision 5,SR-6
RMF Revision 5,SR-8
RMF Revision 5,SR-9
RMF Revision 5,SR-9(1)
RMF Revision 5,SR-10
RMF Revision 5,SR-11
RMF Revision 5,SR-11(1)
RMF Revision 5,SR-11(2)
RMF Revision 5,SR-12
RMF Revision 5,SR-4
RMF Revision 5,SR-4(1)
RMF Revision 5,SR-4(2)
RMF Revision 5,SR-4(3)
RMF Revision 5,SR-4(4)
RMF Revision 5,SR-5(1)
RMF Revision 5,SR-5(2)
RMF Revision 5,SR-6(1)
RMF Revision 5,SR-7
RMF Revision 5,SR-11(3)
